tBodyAcc-mean()-X,tBodyAcc-mean()-Y,tBodyAcc-mean()-Z,tBodyAcc-max()-X,tBodyAcc-max()-Y,tBodyAcc-max()-Z,tBodyGyro-mean()-X,tBodyGyro-mean()-Y,tBodyGyro-mean()-Z,Activity
0.512177308,-1.425086419,0.479416658,22.30232239,9.080169678,9.05682373,-0.170113118,-1.406554159,-1.324544271,shaking
1.543229945,0.211835973,-0.513823558,26.58126831,5.505874634,5.851654053,0.023545074,0.149569702,-0.08080368,shaking
-2.108711243,-0.579849243,-0.123155601,29.14878845,7.3878479,4.250259399,-0.002400448,0.173678749,-0.04389793,shaking
0.233792473,-0.063234217,0.082482731,33.17948914,6.089736938,7.720443726,0.022991783,0.176860609,-0.011214407,shaking
0.051446533,-0.265404256,-0.670111076,40.20240784,8.968902588,8.560928345,-0.007577193,0.170373214,-0.074523123,shaking
8.650650024,0.743873596,-3.925430298,35.74040222,8.233108521,0,0.045593262,0.493659973,-1.17817688,shaking
-1.606096523,0.014272417,0.585986546,35.39164734,7.771896362,10.66122437,0.032184601,0.179671478,0.119615173,shaking
0.346580907,-0.015175267,-0.171370658,40.85746765,7.490142822,11.15296936,0.006490607,0.190628052,-0.139016402,shaking
1.759657118,0.210767958,-0.053306585,39.12205505,7.467391968,10.20361328,0.041908264,0.183375549,0.108314514,shaking
-2.378713285,-0.467515833,-0.358290735,37.70550537,7.486557007,10.9046936,0.046117401,0.199371338,-0.173901367,shaking
-4.761837769,-0.6719045,-0.103130088,38.72186279,8.770889282,8.292938232,-0.00374794,0.184254646,0.281373024,shaking
0.004713022,-0.068692244,0.105951307,13.56011963,3.06880188,5.290527344,0.060738458,0.064678616,-0.03296068,shaking
-0.300039492,-0.049052891,-0.051721171,17.6853466,3.940979004,6.955932617,-0.006481171,-0.002291679,0.033863068,shaking
-0.308813083,-0.03182442,-0.009872328,16.63969421,3.538986206,8.657226563,0.031826973,0.058507919,-0.026833534,shaking
0.227953074,0.07331054,0.076264986,17.63868713,4.317855835,8.117645264,-0.017440796,0.042877197,-0.04634552,shaking
0.636426945,0.113735723,0.018718204,17.87395668,4.907684326,6.720245361,0.019116488,0.076019287,-0.236723466,shaking
-0.154431494,-0.001275013,0.089912018,18.28713799,3.631103516,8.109268188,0.049298096,0.08350118,0.021902466,shaking
0.124653536,0.009540034,0.049983395,14.86062622,5.103897095,7.298095703,0.055640666,0.089638265,0.045299276,shaking
-0.047752022,0.038429823,0.106488621,16.12164116,3.969696045,6.248855114,0.104308065,0.052414958,-0.15406901,shaking
-0.107231265,-0.010087556,0.03431272,16.01037407,3.142974854,8.13319397,0.04873759,0.047277832,-0.115844727,shaking
0.761787761,0.096005633,0.539129706,17.47238159,3.278167725,12.4737854,-0.042363485,0.125239054,0.230148315,shaking
-0.140182289,0.029603288,0.119754366,20.26840019,2.597412109,13.58644104,0.106443278,0.072503662,-0.051922607,shaking
0.050823814,0.020543651,0.023550423,18.61137199,2.264816284,10.25923157,-0.016193644,0.071716309,0.151001994,shaking
-0.26646328,0.00406297,0.668744085,19.52781677,2.840270996,12.42593384,0.045027161,0.087413025,-0.106030273,shaking
-0.821304815,-0.063106012,-0.376707511,16.74616814,8.670394897,7.389038086,-0.238580877,0.268139926,-0.332447399,shaking
0.04461909,0.002846412,0.054831597,19.24906731,6.705886841,10.10249329,-0.30855306,0.059350586,0.293438721,shaking
-0.117631496,0.073723986,-0.087509944,13.9704895,7.274185181,6.465408325,-0.301089287,0.17838192,0.030773163,shaking
0.14213541,-0.026115064,0.019063279,6.912857056,7.066009521,6.343383789,-0.001878866,-0.058537801,-0.19161377,shaking
-0.006854348,-0.018671639,0.011971952,3.719635248,3.838088989,3.687347412,0.012289429,-0.088860067,-0.100923665,shaking
-0.005133244,-0.037193711,0.057120657,4.621749878,3.049667358,2.61416626,-0.083411662,-0.016410319,0.021962484,shaking
-0.019901051,0.017007765,-0.011784271,3.503097773,2.909667969,2.218139648,-0.009748332,-0.066102091,-0.085991414,shaking
-0.023904539,-0.04436089,0.058460011,3.160919189,2.729019165,2.200195313,-0.064648438,-0.256274414,-0.441104126,shaking
-0.241130525,0.173077711,-0.227380575,18.66760445,10.6026001,17.37188721,0.370178223,0.014057704,-0.660978045,shaking
-0.067815108,-0.09433428,-0.004413242,19.71327019,6.614959717,19.25145149,-0.069814046,0.269564819,0.306057739,shaking
-0.092778591,-0.05043535,0.34191472,20.1463604,8.790039063,22.11207771,0.105725288,0.403962135,0.121988297,shaking
0.113263093,-0.033979819,0.540314491,17.99762154,6.67956543,21.79742622,0.367343358,0.50731005,-0.694521223,shaking
-0.092308288,-0.151767705,-0.024241295,19.1078949,12.1375885,13.56370544,0.061295509,-0.234641075,0.170336723,shaking
-0.367023996,0.319408734,-0.206821023,19.52183533,9.101104736,8.311477661,-0.249862671,-0.146237183,0.324261475,shaking
-0.412275161,0.040394153,-0.066593489,15.58206177,9.165710449,5.903091431,-0.145800273,0.067303975,0.152089437,shaking
-0.051926105,0.013981395,-0.037359418,11.00697327,3.142959595,5.306091309,-0.057898385,0.306912013,-0.027712141,shaking
-0.413999922,-0.17573481,-0.113414718,19.5026989,7.220352173,14.36889648,0.405761719,0.110825759,-0.25201416,shaking
0.382204919,-0.045099825,0.211303997,17.44247437,6.725021362,13.62232971,0.289179484,0.113061523,-0.235024007,shaking
-0.082916752,-0.018381889,-0.03823752,17.38505554,8.015960693,14.83908081,0.461140951,0.0096639,-0.441379801,shaking
0.302428139,-0.029382324,0.220667747,17.24148369,4.497314453,11.45683289,0.156002808,0.359902954,0.017649333,shaking
-0.079897099,0.085840631,-0.04320976,14.64288139,6.825531006,10.46620178,-0.089020729,0.213998795,0.262198448,shaking
-0.027590072,0.032885062,0.023879692,11.96890259,4.28793335,6.820739746,-0.099904742,0.320533752,0.361707415,shaking
-0.421589613,0.027460871,-0.084735065,13.6678009,4.153930664,7.214370728,0.30817159,-0.035135905,-0.248162842,shaking
-0.017148683,0.018079172,-0.04067795,13.98126221,4.908889771,10.47457886,0.011691093,0.245194435,0.05600071,shaking
-0.199198566,-3.69E-04,-0.016910441,11.70329285,6.608978271,8.462219238,0.209956578,0.089612688,-0.031986782,shaking
-0.101725915,0.069916854,-0.089592053,14.55554199,6.250061035,7.378265858,0.096043587,0.002396584,-0.026278496,shaking
-0.019423478,-0.103027958,-0.161041772,14.03390503,7.444076538,8.726623535,0.084614054,0.416066488,0.258277384,shaking
0.430973122,-0.087008687,0.222042709,13.2933197,6.735794067,9.414550781,0.21175944,0.003013102,-0.202582804,shaking
-0.152099512,0.015126018,-0.0393651,16.40638542,8.408370972,9.050857544,-0.036736488,-0.0958004,-0.422734261,shaking
0.010349643,-0.03829329,9.50E-04,17.80259705,3.098709106,5.334793091,-0.093986511,0.164240837,-4.11E-04,shaking
-0.122135026,0.04509854,-0.094423267,17.02493286,7.484741211,10.42074585,-0.102388509,-0.19101766,-0.229170736,shaking
0.263218632,-0.052232679,0.091657903,15.59402657,5.178070068,11.14457703,0.113723755,0.008642197,-0.032952309,shaking
-0.047197992,0.029300049,-0.018733093,14.60699463,4.053436279,12.39842224,0.240744591,0.04359436,0.014185905,shaking
-0.059426878,0.01778407,-0.034078496,16.60021973,3.772277832,10.59899902,0.153308105,0.219858805,0.160673014,shaking
-0.201021683,-0.009808893,-0.080954481,16.91127205,4.559524536,10.62533569,0.294178263,0.065116374,0.155667114,shaking
-0.317416851,0.008788476,-0.067689176,13.00379944,3.285339355,8.682357788,0.791915894,0.061854045,-0.171971639,shaking
-0.237930627,-0.02575474,-0.226194793,13.33520508,4.264007568,11.18406677,0.27997413,0.291337233,0.248083261,shaking
-0.113915975,-0.026377223,0.176040929,14.99342346,7.062423706,15.40739632,0.32384164,0.176068987,0.081265041,shaking
0.438024939,-0.031318094,0.031733491,15.18126106,3.744781494,13.45603943,0.143862915,0.30385437,0.384350586,shaking
0.227103408,0.032326038,0.068908569,12.88415527,3.711273193,10.09173584,0.156882286,0.464798927,-0.182486534,shaking
0.133387922,0.005275547,-0.03216657,14.70388603,5.182861328,9.135803223,0.343809945,0.250588553,-0.033366612,shaking
0.165020481,0.046008183,0.058455334,17.76551628,4.583465576,6.995406628,0.025533676,0.416921616,0.051074028,shaking
0.012515121,0.020606593,0.022243791,15.62632561,6.309875488,9.527023315,0.188464355,0.247463989,-0.158957926,shaking
-0.159423719,-0.034590014,0.009237672,15.34996223,5.55255127,10.40040588,0.225231716,0.194226946,-0.241195679,shaking
-0.112531596,-0.052343026,0.001648808,14.34498596,3.810562134,8.998214722,0.164839745,0.226688385,0.197260857,shaking
0.004418842,0.029543355,0.033866362,14.71705627,4.383651733,9.505493164,0.138694763,0.294952393,-0.139845848,shaking
-0.130269894,0.018393732,-0.015537893,12.02511597,4.662414551,11.16610718,0.262020874,0.386112467,-0.433556112,shaking
-0.049510465,0.001718509,-0.196974395,13.59721184,5.020141602,12.75494385,0.255515099,0.238679886,0.117054939,shaking
-0.152247416,0.022699789,-0.094660157,14.72543335,5.228317261,11.34317017,0.188009262,-0.245847702,-0.120714188,shaking
-0.243323884,0.007101792,0.082191932,15.17048836,3.473175049,8.931213379,0.29043986,0.069011434,0.077978516,shaking
-0.071190444,-0.008262481,-0.199070057,12.88415337,3.756729126,5.953338623,0.151127815,0.173258781,0.401269913,shaking
0.245792661,0.023275598,-0.015934159,12.49291992,3.440887451,8.283950806,0.363109589,0.136218071,-0.212932587,shaking
0.067977295,0.0532241,0.180698577,13.37349129,3.979263306,8.41078186,0.217035566,0.32699149,0.007002694,shaking
-0.063282259,0.017483622,0.030492431,13.19761848,2.957519531,9.533004761,0.386472575,0.249651082,-0.409561157,shaking
-0.233323422,-0.024615183,-0.137363464,13.23469353,3.915847778,7.410568237,0.045008659,0.336211205,0.098111153,shaking
-0.21492844,-0.011715166,-0.145295949,12.38645935,2.222946167,7.801803112,0.554238456,0.257638114,-0.380622864,shaking
1.295897851,0.218160776,0.533875649,9.969696045,1.746749878,5.856430054,-0.060373942,0.933827718,0.105992635,shaking
-0.206209284,-0.023427327,-0.091724724,15.75074577,3.707672119,7.762313843,0.247302716,0.446380615,0.195976844,shaking
-0.29585307,-0.033264985,0.112042287,14.28634834,3.891921997,8.003997803,0.18850599,0.285963876,-0.032851083,shaking
0.505340279,0.128733928,0.01804972,14.23970222,3.856033325,7.140182495,0.271366374,0.241669718,0.324219767,shaking
0.217669318,0.016462351,0.104305298,14.65603447,3.341567993,10.25204468,0.07229805,0.421677589,0.22933197,shaking
-0.254940151,-0.094131163,-0.14633171,14.13919067,4.453048706,8.069793701,0.620422363,0.313289097,-0.496901376,shaking
-0.027069673,-0.037984048,-0.069044539,12.77288818,3.815368652,9.463607788,0.200095177,0.312294006,0.521511078,shaking
-0.022107342,0.022939931,0.062213379,1.24786377,1.083938599,1.069580078,-0.330459595,1.571304321,0.972295125,shaking
-0.494375783,-0.038743213,-0.067775643,20.55195808,4.176681519,8.898910522,0.111211923,0.210795476,0.19170321,shaking
0.480428357,-0.009481728,0.145124056,16.8658123,4.614562988,7.147353649,0.161366781,0.24363505,0.187027995,shaking
-0.265572334,-0.058253529,0.045085389,16.10369873,3.304489136,5.711669445,0.211144447,0.245055199,-0.091191292,shaking
-0.187258756,-0.023578255,0.040132686,16.52842712,3.818939209,7.501494884,0.078017099,0.078693935,0.219353812,shaking
-0.032116682,-0.012640024,0.111359527,14.28994751,4.188644409,5.039276123,0.236124992,-0.011217117,0.01348877,shaking
-0.053927538,0.015504888,-0.155436438,14.19900513,2.656036377,4.649246216,0.104656982,0.193782552,-0.006826782,shaking
-0.232014941,-0.079690675,-0.03577918,13.72402763,2.951553345,4.497314453,0.169419425,0.053650992,0.274075099,shaking
-0.117963023,-0.023664103,-0.121086238,13.39382744,6.159133911,6.841079235,0.232985497,0.157129288,0.081212997,shaking
0.511494814,0.065662463,0.079243614,14.02552795,3.154937744,7.525420666,0.179474894,0.256139119,0.205582682,shaking
-0.111586354,4.57E-04,-0.011369656,14.9563446,3.448043823,7.478775024,0.054830933,0.292537435,0.227539063,shaking
-0.379327581,-0.02662202,-0.424156348,18.18068123,4.594207764,12.20458984,0.488440959,-3.32E-04,-0.173003133,shaking
-0.375163837,-0.043572091,-0.00623262,13.557724,2.764907837,10.1335907,0.216182709,0.150528908,0.285470009,shaking
0.176839176,0.021258222,0.143727672,20.06501961,3.577270508,9.120239258,0.373864746,0.160013835,-0.049547323,shaking
0.437331442,0.166596122,0.303264652,22.43750191,3.783050537,9.683746338,0.053541183,0.053491592,0.662443161,shaking
-0.168134979,-2.45E-04,0.475191205,19.63430977,3.15852356,10.73660278,0.332202618,0.018784743,0.156955426,shaking
0.060876789,0.094029394,8.17E-04,20.38684273,4.344177246,12.32902527,0.403115273,0.04321003,0.131321907,shaking
0.129887318,-0.001633473,0.191042273,19.28495979,4.639678955,11.78225708,0.293269157,0.170681,0.0049963,shaking
-0.41823936,-0.013477974,-0.028575473,14.96591187,3.154937744,8.470596313,0.279587809,0.208702596,-0.093098958,shaking
0.324077915,0.076979687,0.097759321,16.77011108,3.140579224,8.879776001,0.317223549,0.253679276,0.106738091,shaking
-0.329928601,-0.06516824,-0.107789417,13.3926239,3.867996216,8.657241821,0.444782802,0.047459194,0.011701311,shaking
-0.245589196,-0.044211786,-0.091996873,15.385849,3.565307617,8.650054932,0.269802856,0.105007935,0.292874146,shaking
0.073035505,0.035791273,-0.039132059,13.828125,2.709869385,8.901290894,0.172296524,0.105472565,0.408968925,shaking
-0.210727956,-0.021288147,-0.017515461,17.19722176,3.655029297,7.525436401,0.315307617,0.072771345,0.038397653,shaking
-0.069253769,0.003182827,-0.077743742,15.69691467,3.282958984,8.538787842,0.274253845,0.073562622,0.217432022,shaking
0.163041091,-0.031082666,-0.002746084,13.49551392,3.303283691,8.669189453,0.282209269,0.086774699,0.145840454,shaking
0.390660307,-0.004426778,0.145882459,13.42492676,3.533004761,8.316253662,0.205084664,0.105984279,0.382048471,shaking
-0.23052141,0.023179577,-0.152692944,16.39682198,3.402587891,8.1690979,0.381541252,0.171473503,-0.006157875,shaking
-0.357943738,-5.62E-04,0.055741478,15.38705444,2.94317627,9.501907349,0.34988505,-0.073366292,-8.00E-04,shaking
0.329846788,0.005935767,0.036702999,16.12043762,6.010772705,7.917861462,0.203189087,0.149280802,0.251833089,shaking
0.010382549,0.085264859,0.334355897,18.54556274,3.739974976,11.08235168,0.233439445,0.17723465,0.102626801,shaking
0.002031587,0.010663333,-0.03905606,17.58604431,2.746963501,10.32383728,0.407459259,0.116857529,-0.232213974,shaking
-0.386579844,0.00243924,-0.079256428,16.668396,3.659820557,6.781264782,0.328632609,0.192565918,0.080979411,shaking
0.042087514,0.031352631,0.206348036,17.60638428,3.617950439,11.12782288,0.205478668,0.142473221,0.468553543,shaking
-0.151311173,-5.40E-04,-0.072857686,16.93400574,4.28793335,8.82472229,0.286830902,0.213589668,-0.001522064,shaking
1.505541029,0.030365715,0.468196301,17.27737236,1.82333374,7.405776501,0.041671753,-0.421325684,0.002815247,shaking
-0.360843435,0.011143961,0.167613356,17.82295227,3.950561523,10.91127014,0.293116643,0.320061317,0.150187566,shaking
-0.19336597,-0.008285832,-0.129851065,18.12203979,3.717254639,11.10986328,0.366399129,0.296552531,0.015848796,shaking
-0.291551898,0.028119523,0.1277387,17.57170105,3.220733643,9.86920166,0.376943588,-0.058473587,0.221358299,shaking
0.866387394,0.006639507,-0.033230006,17.7320118,2.305480957,9.8309021,0.25075204,0.468634469,0.153808594,shaking
-0.338477282,0.175853187,0.390302693,29.23909187,8.256439209,12.63650513,0.118572529,-0.213177021,0.107058012,shaking
0.017197232,0.010649121,-0.036750867,16.18145752,4.706695557,6.863814831,-0.008574266,-0.17810176,0.025700496,shaking
0.310598235,-0.221191934,-0.059535564,16.66960144,3.631103516,8.049453735,0.087356567,-0.307773937,-0.471034657,shaking
0.017261411,-0.017308587,0.007524789,13.28137207,4.030700684,6.696319103,0.04395752,-0.211265055,0.007775879,shaking
0.068164386,-0.042006455,0.011932957,12.3409729,5.662612915,8.048248291,-0.004393514,-0.31668396,-0.140154012,shaking
0.162784884,-0.1005714,-0.025666323,14.85942078,5.207977295,7.777878284,0.119340007,-0.307886759,-0.081391398,shaking
-0.109277498,0.053154784,-0.095005979,12.37568665,4.883758545,8.006393433,0.024950155,-0.238475545,-0.093516032,shaking
-0.293350807,0.155349731,0.104226342,10.20419312,4.348968506,4.983047485,0.046569824,-0.157028198,0.905507406,shaking
0.959087014,-0.566772461,-0.243959584,14.57588196,3.897918701,6.031113148,0.053352356,-0.00188446,0.6587677,shaking
-0.148120357,0.04658972,0.033065628,14.47776794,6.257232666,6.829116344,0.080786133,0.133773804,0.195463562,shaking
-0.05595339,0.043642007,5.17E-04,12.78126526,4.972290039,6.093322754,0.018545532,-0.04381307,0.019179281,shaking
-0.079780001,0.015413166,-0.019381921,10.18025208,3.50428772,5.268996716,0.068152873,-0.074684652,0.374993896,shaking
0.020262295,-0.0333384,0.017424661,11.33480835,3.59161377,4.174285889,-0.048371379,-0.196792603,-0.108476766,shaking
0.042783705,0.030013936,0.006460774,11.84806824,4.031906128,6.351746082,0.095783488,-0.088815308,0.097653198,shaking
0.008709915,-0.004682007,-0.042049866,11.8959198,4.589431763,4.5415802,-0.021420288,-0.070000203,0.147946167,shaking
0.14237293,-0.08308762,0.034703814,13.97407532,4.338195801,6.180664063,0.014221191,-0.125511678,-0.008276367,shaking
0.157259736,-0.072105862,7.87E-04,12.43310547,5.775085449,7.659424305,0.051127116,-0.109367879,-0.036310832,shaking
-0.094202003,0.063049316,-0.010706293,15.61555481,4.063018799,10.15275574,-0.013682365,-0.220680237,0.242099762,shaking
0.297348018,-0.224207554,-0.032390847,14.4059906,5.143370628,8.987442017,0.031382243,-0.144351196,0.074931844,shaking
-0.11573509,0.073773409,-0.012391854,14.52922058,5.401794434,9.323623657,-0.007051468,-0.223255157,-0.157810211,shaking
0.136289308,-0.087080014,-0.06365209,10.52722168,4.515258789,4.683944702,0.046094894,-0.163608551,-0.019748688,shaking
-0.327997721,0.198171415,-0.03235024,10.50090027,3.858428955,4.547561646,-0.011900838,-0.09356486,0.054004924,shaking
0.180048121,-0.090442333,-0.011479396,9.619140625,3.860824585,4.009185791,0.048465729,-0.135958672,0.051805496,shaking
-0.399440697,0.238736345,0.026521727,12.05026245,4.622924805,5.542969227,0.034908295,-0.085988998,0.129421234,shaking
0.0512882,-0.027722108,-0.033216076,11.64108276,4.071380615,8.177474976,0.011131795,-0.121329753,-0.194736735,shaking
0.089584146,-0.059859147,0.005256509,12.91766357,4.941177368,5.295318604,0.017422676,-0.141378403,0.225150108,shaking
0.193537666,-0.09531151,-9.47E-04,14.14277649,4.384840965,7.963318348,-0.037322998,-0.115352376,-0.315634155,shaking
-0.197897388,0.098012553,-0.022568738,13.15214539,3.984039307,5.30250597,0.045861816,-0.128335571,0.026504517,shaking
0.963571393,-0.650571383,0.048777071,7.947753906,2.874969482,4.025924683,0.163884481,-0.028818766,0.211873372,shaking
0.226256695,-0.110175956,-0.074225885,11.84567261,4.016357422,5.442474365,-0.041531881,-0.206759135,-0.165588379,shaking
-0.115453602,0.085559285,0.037032983,12.27398682,4.260421753,6.591034412,0.08463033,-0.085908,0.036208089,shaking
0.096674692,-0.06569317,0.058311316,10.13360596,3.885955811,4.634903431,0.040468343,-0.128544108,0.028795369,shaking
0.156988597,-0.13650409,-0.050136044,11.95573425,3.781860352,6.927231312,0.067930094,-0.095840454,-0.016078695,shaking
-0.133516497,0.102697193,-0.048027432,11.88275146,4.013961792,6.063415527,-0.011610031,-0.067756653,0.042608261,shaking
0.243200718,-0.145086922,-0.076152822,11.77507019,3.926620483,4.420731068,-0.010898045,-0.112322126,-0.149200439,shaking
-0.170624194,0.102157694,-0.004953098,10.01994324,3.767486572,5.350341797,-0.006602287,-0.117241859,0.041866302,shaking
0.16146513,-0.08295529,0.418831913,22.70191765,5.380264282,12.02154541,0.530406189,-0.167814636,-0.550582886,shaking
0.275959352,0.029374259,0.068203209,21.40499687,4.329818726,11.94258118,0.095749855,0.100094795,0.00743103,shaking
-0.104472956,0.022715425,0.10743942,17.68176079,5.32522583,7.13420105,0.134881592,0.047296143,0.094361369,shaking
0.604470603,0.137231672,0.099277788,19.95016289,5.481964111,8.191833496,0.094471523,0.120640346,-0.313572475,shaking
-0.200649737,-0.061402844,0.075096175,19.35674858,4.246063232,9.154937744,0.100607872,0.150410652,-0.285862923,shaking
0.121050079,0.023101706,-0.165947075,17.51664543,4.480560303,10.27598572,0.055082194,0.072919718,0.323328654,shaking
0.392226156,0.057837134,0.093690051,17.65305901,4.484146118,8.431106567,0.00964152,0.147651164,-0.019155884,shaking
0.056896884,0.007939117,-0.058275653,20.15115166,4.888534546,9.419342041,0.098524984,0.052087402,0.056046549,shaking
-0.439468289,-0.091272444,0.002754158,17.56570435,6.680770874,9.452850342,0.08178304,-0.024834188,0.294268799,shaking
1.563422318,0.305228271,0.444395142,17.92104912,3.154937744,8.579467773,-0.00579071,0.208869934,-0.184936523,shaking
-0.1868737,-0.012805343,-0.011552935,19.59243584,4.673187256,10.43151855,0.081763634,0.091901339,0.067410983,shaking
-0.164890915,-0.028698043,-0.064677467,19.06123161,5.684143066,9.580871582,0.051554362,0.261751302,-0.41288147,shaking
-0.008965334,-0.019072694,-0.011381481,15.74357414,3.798614502,9.774688721,0.096017838,0.206554413,-0.131211281,shaking
-0.045673657,-0.026353372,0.086998485,17.53339958,4.683944702,9.311660767,-2.03E-05,0.100373332,0.256967163,shaking
-0.255501974,-0.025108389,-0.056448203,15.95892143,4.305892944,8.215759277,0.105674744,0.198821068,-0.084442139,shaking
-0.096947956,0.023102298,-0.130053805,19.5026989,4.299911499,8.593811035,-0.054872513,0.096466064,0.284939766,shaking
0.086569368,-0.025417909,0.15118357,15.23748779,3.388244629,9.749557495,0.099040731,0.139106242,0.074588013,shaking
-0.012531124,7.83E-06,0.030593953,16.09052849,4.009170532,7.631896496,0.037004471,0.139935493,-0.118849754,shaking
-0.04350435,-0.039642129,0.016292172,14.53878784,3.713668823,7.915450573,-0.002347946,0.157784462,0.002350807,shaking
0.045138087,0.015732435,-0.10678184,12.93081665,2.780456543,6.119643688,0.044949341,0.092017619,0.014682007,shaking
0.18943191,0.01372039,0.099885005,8.589035034,2.047058105,6.244079113,0.028060913,0.077265739,-0.018326759,shaking
0.008398878,0.018130821,-0.040236312,10.28674316,2.818740845,6.7238307,-0.008594767,0.020337931,0.252839152,shaking
0.042202912,0.02033119,-0.041631969,12.48695374,2.463409424,6.920043468,0.019156901,0.127460734,0.033100382,shaking
0.275737123,0.019427773,0.014499589,11.86482239,2.398803711,5.330016613,0.019338989,0.136539714,-0.155289714,shaking
-0.014978125,-0.012665822,0.010365117,12.98464966,3.207580566,6.113662243,-0.040666199,-0.043830872,0.365618896,shaking
0.43686026,0.032028856,-0.017986323,28.81513405,2.768493652,8.072174072,0.071683017,-0.011044589,-0.069105669,shaking
-0.193064059,-0.049917955,0.021397279,14.57707024,3.30569458,7.540984631,0.09031912,0.084357628,0.108713003,shaking
-0.172580059,0.003955052,0.056231282,14.87258911,3.343978882,7.07438612,0.18067042,0.03748703,-0.206188202,shaking
0.058592339,-0.016255188,0.001786701,12.14118767,3.055633545,7.484740734,0.08554891,0.143310547,0.102532959,shaking
0.485521597,0.05821723,-0.03414966,26.22371864,2.670394897,5.166106701,0.106882368,0.010150364,-0.09022413,shaking
-0.173862405,-0.040470683,0.043030899,12.82673645,2.69430542,6.510863781,0.120193481,0.122206688,-0.07448864,shaking
-0.275909625,-0.062150843,-0.040091524,13.97886658,2.362915039,6.668792248,0.02973938,0.156242879,0.0081604,shaking
0.47040655,0.092950603,0.170982513,12.45942688,2.549545288,5.119430065,0.055822754,0.083156331,-0.028657023,shaking
-0.437210664,-0.066027852,-0.09374732,14.59861755,2.895309448,8.639282227,0.062314034,0.069284439,0.004174232,shaking
0.473083662,0.124273145,-0.024849762,13.45843506,2.605789185,5.353942394,0.059371948,0.152147566,-0.26953561,shaking
-0.139115208,-0.058454462,-0.091832549,14.12243462,3.239868164,4.968688965,0.07224528,0.077947998,0.143828328,shaking
-0.111579046,0.008585911,0.036408565,13.87956238,2.49810791,5.633895874,0.026313782,0.073774338,0.047242165,shaking
0.182242692,0.005546217,-0.026012198,12.65324402,2.359329224,6.455840588,0.056618827,0.075365339,0.005108425,shaking
0.003512075,0.006553305,0.013199046,15.46720886,2.318649292,8.063812256,0.022939682,0.137854576,0.175363541,shaking
-0.162566504,-0.030928844,-0.100393555,14.0267334,2.091339111,8.051849365,0.145147705,0.148141479,-0.474394735,shaking
0.502356088,0.024064646,0.028617389,14.22174072,2.061416626,7.598418713,-0.012425741,0.152537028,0.168851725,shaking
-0.282298788,-0.025901299,-0.133563051,13.96452141,2.998199463,5.863616467,0.092859268,0.12016201,0.004422188,shaking
0.436378989,0.073052775,0.116761675,15.26142693,2.371276855,6.396010876,0.037081718,0.084263802,0.054644585,shaking
0.310732018,0.041077067,0.001659139,12.80758476,2.786453247,5.955749035,0.034844535,0.083653041,0.120202201,shaking
0.040815375,-0.455278657,-0.742967606,1.073206186,0.235565186,0.40162611,-0.023310661,-0.024497986,0.008275986,standing
-0.007315499,-0.005760193,0.02243369,0.320266724,0.086746216,0.29107666,-4.22E-04,-0.003934733,-0.004778035,standing
0.015782284,0.009810228,0.001740676,0.188430801,0.106964111,0.264648438,-0.004563395,0.002087402,0.001873779,standing
-0.013182641,0.003214836,0.005473137,0.077529922,0.074890137,0.114852905,-0.003103256,-0.006088257,-0.00290966,standing
0.006322224,-0.003009796,-0.034735362,0.183654785,0.060424805,0.196807861,-0.012968881,-0.005557469,-5.68E-04,standing
0.005940029,0.007211958,-0.004143851,0.048339844,0.045715332,0.142959595,-0.002627563,2.22E-04,-0.004528809,standing
-8.22E-04,3.75E-04,0.004250081,0.026321426,0.039962769,0.092346191,-0.00256443,-0.001039505,-9.17E-04,standing
-0.007253646,0.0039711,-0.005054474,0.058273315,0.072143555,0.122756958,-0.003092766,-0.003501892,4.00E-04,standing
0.001600999,-0.001960168,0.001933171,0.073944084,0.04498291,0.157577515,-2.41E-04,7.62E-04,0.002935556,standing
-7.71E-04,-7.07E-04,0.020806052,0.054321282,0.034225464,0.163543701,-0.002024724,-0.001765325,-0.003199651,standing
0.001820156,0.005179269,3.16E-04,0.09895324,0.053588867,0.117004395,-0.002995491,-0.002196312,0.001671791,standing
-0.006631034,0.008741106,-0.006759644,0.047027588,0.041275024,0.098587036,-0.003922599,2.54E-04,0.007217407,standing
-0.009228515,0.006316121,0.006310018,0.072860718,0.055511475,0.121673584,-0.003241539,-0.001205444,0.003767014,standing
0.011126201,0.002613068,-0.002174377,0.086868286,0.044387817,0.108505249,-0.003173828,1.41E-04,-0.001468113,standing
-0.010016305,-0.001675197,-0.008110046,0.075500488,0.057434082,0.27456665,0.002084732,-0.001027107,9.28E-04,standing
0.004399981,0.001598903,0.005580357,0.166915894,0.077758789,0.23664856,0.003879801,0.003182983,-0.002655029,standing
0.003083449,0.001076332,-0.003883949,0.104812615,0.044265747,0.068557739,-0.002916463,-3.87E-04,-0.00178833,standing
-0.002392361,0.006391253,-0.006631034,0.09907531,0.061721802,0.169418335,-0.003157616,-0.006481171,-9.14E-04,standing
-0.005044791,0.012756348,0.003846389,0.136749268,0.10899353,0.239395142,-0.014769418,-0.013395037,-2.37E-04,standing
-0.002690996,0.018808637,-0.007708958,0.108993538,0.101699829,0.233779907,-0.010267258,0.0020895,0.008265495,standing
-0.001923697,0.002324786,0.006785801,0.123840332,0.053237915,0.126831055,-1.67E-04,-0.003013102,-0.003457642,standing
-0.005196708,0.005596706,-0.006161281,0.083740234,0.065673828,0.101577759,-4.94E-04,-8.85E-05,7.90E-04,standing
-0.006023952,0.005802699,0.004554749,0.054916382,0.078964233,0.13949585,-0.002149582,-0.001935005,-0.00348568,standing
0.003675982,0.003055919,0.001306707,0.113784797,0.060409546,0.143447876,-0.001117961,-0.004544067,-0.003277588,standing
-0.006980897,0.004529681,-0.012562343,0.045471191,0.062088013,0.212005615,0.001718521,0.001671791,7.85E-04,standing
-0.00212911,0.012817383,-0.001642863,0.086257935,0.080505371,0.06854248,-0.005760701,-0.001746623,-0.007655843,standing
-0.00126539,-0.010767256,0.006332397,0.051208496,0.016021729,0.059341431,0.005525861,-6.23E-04,0.003514971,standing
0.003931318,-0.009495326,0.008803231,0.126937866,0.048934937,0.137710571,0.002827644,0.003957748,0.003684998,standing
0.002451215,-0.003795079,-0.002503531,0.119049072,0.046188354,0.107681274,-0.001811727,-0.002907308,-0.002033488,standing
0.020637512,0.006340027,0.043128967,0.058258057,0.009811401,0.084701538,-2.21E-04,0.003608704,-0.005348206,standing
0.009822499,0.008612893,-0.010636763,0.096542358,0.076446533,0.072143555,-0.004420354,0.003295898,3.94E-04,standing
-0.001350403,-0.00176893,0.004903521,0.117492676,0.035644531,0.140579224,-0.001094818,-0.003572464,3.62E-05,standing
-0.002505302,0.008719444,-0.009600639,0.082183838,0.110916138,0.086853027,-0.003403664,7.71E-04,0.002615929,standing
7.34E-04,-0.008638509,0.013535563,0.072265625,0.039001465,0.142379761,0.00494283,-0.002624512,-0.006988525,standing
0.001742363,-4.94E-04,-0.003223419,0.111633301,0.06880188,0.089141846,1.23E-04,4.97E-04,-0.001605988,standing
-0.007067871,0.00800883,-0.008716838,0.063415527,0.068908691,0.10383606,-0.005898476,-8.55E-04,8.96E-04,standing
0.002143274,0.010363065,-0.010022677,0.085189819,0.12310791,0.091766357,-0.004813639,0.001234945,-0.001947021,standing
0.019511633,-0.014802115,0.020271301,0.1551819,0.074890137,0.233779907,0.002649307,0.007407188,-0.001290321,standing
-0.028686525,0.034043532,-0.016978337,0.117965698,0.182220459,0.106369019,-0.005803108,-0.00940609,-0.001813889,standing
-9.66E-04,0.001169058,-0.004169171,0.097976685,0.058502197,0.063171387,-0.001092529,-0.001901245,7.42E-04,standing
0.006700956,0.005484948,-0.004923894,0.076583862,0.063293457,0.108276367,-0.004349772,-4.39E-04,-8.37E-04,standing
-0.001618449,0.004227702,-0.003158569,0.083145134,0.123947144,0.058395386,3.07E-04,-5.63E-04,-6.50E-04,standing
4.11E-04,0.001847267,0.001771927,0.106369019,0.047149658,0.173843384,-0.002505302,-0.001029968,-2.47E-04,standing
0.002367292,0.016723633,-0.002068656,0.053955078,0.06652832,0.067718506,-0.008540853,0.001598104,0.005401611,standing
0.003110758,-0.008957926,-0.007887777,0.086502075,0.042114258,0.077758789,0.005755424,-0.001081467,-7.75E-04,standing
-0.004275235,8.05E-04,-0.021643899,0.033737183,0.052047729,0.097869873,-0.00353241,-0.002150536,9.32E-04,standing
8.89E-04,-0.01171657,0.003008161,0.087936401,0.023803711,0.207229614,0.004256185,-0.001925659,-0.003625488,standing
-0.003858566,0.012891769,0.004209518,0.08291626,0.063659668,0.102050781,-0.007398605,-0.002333641,0.003790855,standing
1.35E-04,0.002082316,0.009556071,0.060546875,0.037338257,0.159362793,5.15E-05,0.001442909,1.99E-04,standing
-4.70E-05,-0.00353417,0.003204346,0.068084717,0.035293579,0.193222046,0.001714071,-0.001303101,-8.38E-04,standing
-0.027816772,-0.015853882,0.016624451,0,0,0.133148193,-0.004440308,-0.011113485,0.011494954,standing
0.002935556,0.006119948,-5.15E-04,0.074417114,0.066162109,0.094512939,-0.00288039,-6.69E-04,-0.005024837,standing
-0.008088175,0.007728068,-8.14E-04,0.041625977,0.093551636,0.131729126,-3.77E-04,-4.16E-04,-0.001186117,standing
-0.001637385,0.008595393,-0.018304678,0.081237793,0.108154297,0.128372192,-0.006953648,-0.00214604,-0.001798357,standing
-0.001157124,-0.003748576,-0.068814596,0.195007324,0.079193115,0.351028442,0.005269831,0.017336759,0.014630404,standing
-0.010366169,0.034421648,-0.004750933,0.166305542,0.211410522,0.233779907,-0.014708455,-0.013160197,-0.009047445,standing
-0.009385108,0.002408028,0.007567406,0.136871338,0.086746216,0.321228027,-0.002339363,-0.003598213,-0.002869606,standing
0.01182791,0.007520236,-0.04947721,0.162246704,0.069030762,0.212478638,-0.003621419,-0.005452474,-0.004897054,standing
0.007682801,-0.014843532,0.007716588,0.201599121,0.195861816,0.117248535,0.002169609,-0.00387764,-0.002669334,standing
0.002714157,-0.003409386,0.004785538,0.128387451,0.041152954,0.136749268,0.002851486,-9.20E-04,-0.004879951,standing
0.001059396,0.003101894,-0.015579224,0.085067749,0.141540527,0.15411377,3.25E-04,-0.002997843,-0.001145426,standing
-0.003965105,0.006126404,-0.00781032,0.072509773,0.042221069,0.168701172,-0.00140667,-4.25E-04,9.14E-04,standing
-0.010538738,0.005274455,0.005992889,0.055511482,0.106964111,0.175872803,-0.005255699,-0.003629684,-0.002316475,standing
0.012689863,-0.006153652,-0.002605983,0.13053894,0.056472778,0.129577637,0.004178874,0.004227702,-0.008050537,standing
-0.005832672,0.007627487,1.28E-04,0.070236206,0.060180664,0.156860352,-0.005019188,-0.00318718,0.003458977,standing
0.007298396,0.001088069,-0.004233727,0.072616577,0.042114258,0.234619141,1.35E-04,0.003515244,-0.003609657,standing
-2.15E-04,0.004593913,-0.004753621,0.106124878,0.083023071,0.119400024,-5.50E-04,-0.002050781,-0.002430216,standing
-0.005927453,-0.00495089,0.006258451,0.09211731,0.057540894,0.082427979,3.57E-04,-0.004559517,-0.00171566,standing
0.002338116,-0.006240845,0.003561167,0.074890137,0.098937988,0.127059937,0.002501268,-0.00453186,-0.001919086,standing
0.001879884,0.002536011,0.005038452,0.089859016,0.051696777,0.088424683,-0.00173823,2.89E-04,-0.004892985,standing
0.007322184,0.006564331,0.004537964,0.130645752,0.079925537,0.143569946,-0.003556252,6.81E-04,-0.006732941,standing
-0.002607073,0.010322571,-0.005204337,0.095230103,0.09223938,0.152313232,-0.006395612,-0.001106262,0.003299168,standing
-0.012827193,0.007672991,8.47E-04,0.070465088,0.103256226,0.100021362,-2.27E-04,-0.00435791,-0.003440348,standing
0.004767785,8.47E-04,-0.003176176,0.06880188,0.041152954,0.165100098,-0.002596855,-0.001376152,0.002606392,standing
0.002291361,-0.006011963,-0.00907135,0.067367561,0.095581055,0.208068848,0.004089355,-8.67E-04,-0.002097575,standing
-7.34E-04,-0.006069946,0.009412638,0.08052063,0.104446411,0.155181885,0.001747131,-1.63E-04,9.52E-04,standing
-0.002467155,0.001712799,0.001412392,0.079315193,0.080993652,0.08291626,-4.89E-04,-2.99E-04,-7.84E-04,standing
0.007990157,1.02E-04,0.004016331,0.082916267,0.054092407,0.140090942,-0.001254272,0.001163737,0.001437378,standing
-0.001275635,0.007073975,-0.006540934,0.073928833,0.076690674,0.149185181,-0.003023148,-0.002882004,-0.00652504,standing
0.003146832,-0.01800185,1.48E-04,0.078842163,0.080276489,0.146789551,0.0047369,2.79E-04,-0.00434494,standing
0.005391802,-0.001145499,-0.003076826,0.109100342,0.039840698,0.180541992,-3.37E-04,-4.47E-04,-0.002978516,standing
-0.002662658,0.010189056,0.004077911,0.044265747,0.047134399,0.120605469,0.001441956,-3.26E-04,0.004187584,standing
-0.00340162,0.002639771,-0.004564558,0.057296753,0.061859131,0.062561035,-1.41E-04,-0.003936768,-0.002153397,standing
-8.22E-04,0.00516183,-0.00529807,0.09750367,0.055267334,0.123352051,-0.002964274,-5.94E-04,-9.91E-04,standing
0.008614676,-0.00920432,0.010528564,0.123825073,0.069992065,0.177536011,9.52E-04,4.46E-04,-0.005054474,standing
-0.007862636,-0.001161848,6.92E-04,0.077529915,0.13293457,0.095352173,5.74E-04,-0.006510735,-0.001881599,standing
-0.007486615,-8.28E-04,-0.005239214,0.056472778,0.091171265,0.076690674,-0.001786296,-0.002731323,9.32E-04,standing
-1.41E-04,0.006111145,0.014266968,0.099670418,0.071182251,0.14654541,-0.003205363,0.002682495,2.09E-04,standing
0.001052857,-0.004219564,0.004928589,0.104568489,0.041641235,0.151824951,0.002010345,-0.003910065,-0.009654999,standing
0.010650635,0.005500793,-0.046897888,0.035415649,0.035171509,0,-0.005905151,-8.77E-04,0.002090454,standing
-0.003241798,-2.07E-04,8.16E-04,0.079071052,0.069641113,0.061737061,-0.002257029,-7.07E-04,-5.80E-04,standing
0.013375419,0.003571647,-0.012999398,0.183410645,0.052642822,0.071075439,-5.19E-04,-8.18E-04,4.55E-04,standing
0.002687582,9.00E-04,-0.009418742,0.101821907,0.060302734,0.127288818,0.001125336,0.001149178,-3.27E-04,standing
8.07E-04,0.005023956,-0.009960175,0.079803474,0.079437256,0.124908447,-0.003604126,-0.003171794,-0.004720052,standing
-0.007030781,-7.36E-04,0.013823289,0.11677552,0.052047729,0.097381592,-7.35E-04,-0.002305984,-0.00568676,standing
0.009259034,-0.009547933,0.007210286,0.131011963,0.117492676,0.160675049,0.004451752,0.002051353,-0.001519203,standing
0.004435221,-0.001324463,0.001723226,0.101806641,0.088638306,0.149551392,0.003049723,0.002864583,-0.002282715,standing
-0.001524925,-0.00112915,-0.002871513,0.061721802,0.058258057,0.168106079,0.001665115,-7.93E-04,-0.001116753,standing
-7.58E-04,-4.07E-04,0.003398641,0.100265503,0.059341431,0.154464722,-6.15E-04,-1.98E-04,9.54E-07,standing
-0.00157547,-0.002572378,-0.011706034,0.039596558,0.023330688,0.077056885,-5.94E-04,-4.72E-04,-9.33E-04,standing
-3.82E-04,0.004937744,0.001619466,0.099197388,0.083984375,0.181610107,-1.79E-04,-4.69E-04,-0.001216888,standing
-0.008447501,0.006276057,-0.008577787,0.130767822,0.050491333,0.086746216,-9.60E-04,-0.003611247,-0.00137736,standing
0.005218505,-0.003230095,-0.00113678,0.079208374,0.051086426,0.121795654,6.95E-04,2.76E-04,-0.004899979,standing
0.007998875,-1.02E-04,0.002170018,0.062088013,0.046051025,0.098342896,-1.80E-04,-4.15E-04,0.001180649,standing
-0.005606515,0.004093715,0.002716064,0.055404663,0.077651978,0.050598145,-0.004627482,-0.004736328,-0.001448568,standing
0.018681117,-0.006905692,0.003000532,0.138198853,0.06149292,0.160568237,0.002423096,0.001569621,-0.005310059,standing
-8.39E-04,-0.002818181,0.007170457,0.078720093,0.065795898,0.064483643,0.001189232,-0.002773285,-0.003801346,standing
0.024770101,-0.007176717,0.008173625,0.044509888,0,0.046539307,-0.013885498,-0.003229777,0.001113892,standing
-0.015497208,-0.012891769,-0.016706467,0.049407959,0.034454346,0.065337658,-0.010384696,-0.016569955,0.00201307,standing
-0.008834839,0.007353563,-0.008401687,0.064605713,0.09487915,0.090454102,-0.006701878,-0.003706796,0.003413609,standing
-0.008717855,7.82E-04,0.003446452,0.061019897,0.03338623,0.061019897,-9.05E-04,-0.003245354,0.006690979,standing
-0.011921474,0.012638637,-8.81E-04,0.274459839,0.091995239,0.091400146,-0.007451375,-0.00247701,-0.004146322,standing
-0.021200562,0.031417847,-0.030556234,0.218582153,0.223495483,0.209609985,-0.012080193,-0.015211105,-0.006149292,standing
-0.005008153,-0.002657209,0.001247951,0.066162109,0.026565552,0.088409424,0.004317284,-5.72E-06,0.005486488,standing
-0.032021264,0.003938155,-0.005611073,0.094512939,0.141540527,0.140335083,-0.001950582,-0.006257375,0.010093689,standing
-0.012233734,0.003031413,0.001773834,0.223724365,0.180297852,0.164749146,-0.002149142,0.001679641,0.007236187,standing
0.013308012,0.0079064,-0.004749005,0.117721558,0.114379883,0.193588257,-0.002683512,5.63E-04,-0.009562174,standing
0.003597005,-0.006396484,0.004849243,0.159133911,0.162826538,0.143218994,0.001058578,-0.003820419,-0.012607574,standing
-0.01556193,-0.005728149,-0.006356812,0.200042725,0.237136841,0.281036377,-0.010066032,-0.004361153,0.010072708,standing
0.001536051,0.009063721,-0.016011556,0.100860581,0.109115601,0.194412231,0.003995768,0.008034261,-0.008781942,standing
0.014253888,0.001239232,-0.011650085,0.123458847,0.097640991,0.087692261,-0.002469063,0.004306793,-0.001317978,standing
-0.002171108,-0.007750375,0.00276947,0.089736946,0.066513062,0.137588501,0.003586833,-0.001204427,0.002270508,standing
0.001218796,0.003926277,-0.002707481,0.085067756,0.044616699,0.081710815,-0.003332138,-0.001262665,-0.004979134,standing
0.003315517,0.022591727,-0.009211949,0.041748054,0.04750061,0.105773926,-0.009016037,0.002090454,0.006361008,standing
-3.17E-04,-0.011859297,-0.088774405,0.078964233,0.081344604,0.218948364,-0.005701701,-0.009546916,-0.004048665,standing
-5.23E-04,5.40E-04,3.74E-04,0.088531494,0.081939697,0.124435425,-0.002051459,-0.003165351,-0.007410685,standing
-1.35E-04,-0.009435989,-0.066697469,0.167495728,0.082550049,0.122039795,-4.76E-04,-9.83E-04,-0.00586853,standing
-0.001006386,-0.001509233,0.001672225,0.057434082,0.058624268,0.112457275,0.003274282,-0.004839579,-0.007472992,standing
0.005132575,0.009350425,-8.50E-04,0.067596436,0.06880188,0.095108032,-0.005196465,-0.002312554,-0.010136922,standing
-0.001762792,0.003117612,-0.004912527,0.078964233,0.047851563,0.050262451,-0.004809293,-0.002592607,-0.006233909,standing
-0.003306339,-0.002046284,0.001102648,0.068206787,0.023925781,0.11126709,9.82E-04,-0.003440857,-0.007701874,standing
-5.09E-04,0.00269165,-0.001974487,0.031707764,0.044265747,0.074768066,-0.002215068,-0.001181285,-0.007086436,standing
-3.46E-04,0.001227931,0.003588225,0.035903931,0.051437378,0.100509644,-0.001003265,-0.00220108,-0.008886337,standing
6.61E-04,0.001480103,-0.004784835,0.050857544,0.048461914,0.151947021,0.001763238,-0.002856784,-0.008168538,standing
-0.001794434,-0.003050995,0.003559113,0.044281006,0.046661377,0.086746216,0.001725939,-0.002527873,-0.00769043,standing
-3.78E-04,-0.001794915,6.61E-04,0.068191536,0.06401062,0.099304199,1.27E-04,-0.002833049,-0.007123311,standing
8.38E-04,0.001406097,-0.002632141,0.080749519,0.039489746,0.125015259,8.96E-04,-0.002443586,-0.012845721,standing
-6.61E-04,0.005194413,0.003747237,0.053848274,0.073577881,0.093917847,7.09E-04,-0.001296997,-0.004740397,standing
-0.004911724,-0.002108925,-4.40E-04,0.042465217,0.046051025,0.141189575,0.003285217,-0.004115295,-0.008538818,standing
0.015950521,-0.011764526,0.008773804,0.06161499,0.032897949,0.04725647,-0.008041382,-0.002929688,-0.007766724,standing
0.028327068,-0.225052452,-0.599518204,0.604959726,0.138793945,0.311065674,-0.00660167,-0.004784079,-0.012136123,standing
-1.04E-04,7.60E-04,-0.001054067,0.159729004,0.067001343,0.285949707,-0.003783162,-0.003396606,5.38E-04,standing
5.84E-04,-8.39E-04,0.002074334,0.218948364,0.094512939,0.514450073,-0.002799988,4.58E-04,-0.00236969,standing
-0.006328382,0.008059853,-0.005163092,0.107681274,0.086730957,0.23928833,-0.002416611,-0.002885818,0.007053375,standing
0.002004242,0.002931213,0.00188446,0.093322754,0.049057007,0.195602417,-0.002584604,-9.87E-04,-0.001181969,standing
-0.004438701,-8.50E-04,-8.19E-04,0.084350586,0.069396973,0.267990112,-0.001808167,-0.005187988,0.003845215,standing
0.002738551,2.20E-04,-0.004250777,0.073577881,0.053222656,0.17048645,-0.00210762,-0.003307343,-0.002262115,standing
-0.008673859,0.00269165,3.59E-04,0.159133926,0.201599121,0.330200195,-0.001702203,0.008154975,0.049187554,standing
1.57E-04,0.002014963,0.002770675,0.1340027,0.062805176,0.211166382,-0.00151498,0.001109532,0.007823399,standing
0.003320313,8.08E-04,3.88E-04,0.123825088,0.060409546,0.180648804,0.00297699,-0.002754211,-0.003575134,standing
-8.31E-04,0.003523085,-0.001561483,0.081939712,0.095108032,0.226730347,-0.005381266,-0.002298991,0.003116184,standing
0.004785919,0.003439331,0.006789398,0.09809877,0.076568604,0.254837036,0.004608154,0.004209246,-0.004294259,standing
-0.001555634,0.001824188,-0.010647583,0.081954956,0.10168457,0.178863525,0.004402161,-0.003728867,-0.002069473,standing
0.001263089,9.31E-04,0.007676866,0.056228638,0.075973511,0.268585205,0.001211166,0.00308609,-0.002202988,standing
0.002751923,0.008913422,-0.001016998,0.083740234,0.126815796,0.226715088,-0.004840427,-0.001057943,0.003251817,standing
-0.011428834,-0.001291375,-0.001636706,0.137573242,0.071182251,0.217727661,0.002548218,-0.013406754,-0.006080627,standing
2.40E-04,-0.004515839,0.005144501,0.10289003,0.058624268,0.208770752,7.62E-04,0.002700806,-0.002635956,standing
0.008878207,0.008784244,-0.008690282,0.080169678,0.062210083,0.137588501,-0.004046353,0.006529375,9.31E-04,standing
0.001385337,0.00607621,0.008279901,0.087936401,0.087921143,0.258422852,-0.006774902,-0.010284424,-0.003893534,standing
0.048456828,-0.016352336,-0.065800985,0.131607056,0.046051025,0.196807861,0.012794495,-7.93E-04,-0.021125793,standing
0.001513313,-0.001654232,-0.004680858,0.057418823,0.031707764,0.08972168,8.43E-04,-0.004111396,-0.010762533,standing
-9.76E-04,4.41E-04,0.001700953,0.052642822,0.04246521,0.129211426,4.21E-04,-0.00517055,-0.013802665,standing
-0.001555634,0.001944733,0.001794434,0.082550034,0.111862183,0.124435425,1.83E-04,-0.002661133,-0.007333374,standing
0.002801996,7.87E-04,-7.56E-04,0.117843613,0.074783325,0.107666016,-9.77E-04,-2.18E-04,-0.006326294,standing
-9.86E-04,-0.002033997,0.001046753,0.055038452,0.038879395,0.062210083,8.00E-04,-0.003444127,-0.006265913,standing
-0.004187775,0.001196289,-0.002722168,0.052627571,0.047851563,0.139373779,0.002602713,-0.00340271,-0.00302342,standing
0.002046284,0.004281295,-0.001542744,0.064620972,0.074783325,0.119628906,-0.002029419,-0.002580643,-0.001955032,standing
0.003589027,-0.001385337,-0.006170976,0.06282042,0.074172974,0.123809814,-0.002039591,-3.05E-04,-0.005859375,standing
1.26E-04,-0.003085488,0.007650275,0.087936401,0.084960938,0.206970215,0.003373888,-0.001364814,-0.009543525,standing
3.29E-04,0.002063751,-0.003559113,0.077163704,0.125030518,0.075363159,-0.002437245,-0.003437389,-0.005855214,standing
6.61E-04,0.003494263,-3.13E-05,0.050247192,0.054443359,0.131011963,6.87E-04,-0.002245816,-0.00641424,standing
-0.001914215,-6.58E-04,0.003379822,0.040679917,0.04486084,0.177062988,6.29E-04,-0.001991272,-0.007574463,standing
-0.002108925,-0.001952322,-0.001164487,0.056228623,0.073577881,0.105285645,7.92E-04,-0.003896713,-0.007911682,standing
0.00166883,0.002330579,5.98E-04,0.079559311,0.045471191,0.095718384,-2.14E-04,-0.002683367,-0.012254987,standing
-0.006700134,0.001853943,0.00194397,0.063995346,0.064605713,0.072387695,3.83E-04,-0.004341819,-0.003415194,standing
0.003809879,0.003400301,-0.002077605,0.085540771,0.089126587,0.053253174,-0.002957662,-0.001291911,-0.008447011,standing
4.18E-04,-0.00251236,-0.002033997,0.046661377,0.071182251,0.092727661,0.001575046,-0.003467136,-0.004452176,standing
0.002493117,-0.003223843,0.002259996,0.0831604,0.052047729,0.124435425,-5.94E-04,-0.002526855,-0.006260681,standing
-0.00188446,2.99E-04,-1.79E-04,0.026321396,0.047851563,0.094512939,-3.47E-05,-0.003406871,-0.010051381,standing
-1.79E-04,2.99E-04,-4.49E-04,0.063400269,0.044265747,0.109481812,0.001023865,-0.004330444,-0.007897949,standing
-0.018941243,-0.005182902,-0.001398722,0,0.001205444,0.017959595,-0.003387451,-0.010864258,-0.002334595,standing
-0.00411718,-0.007530661,0.00559459,0.073577881,0.043670654,0.148361206,0.008565267,2.31E-04,0.001466539,standing
0.007895915,0.002231852,4.38E-04,0.093917847,0.043670654,0.058029175,5.06E-04,-2.14E-04,-0.010029384,standing
-0.00188446,0.002542877,2.39E-04,0.057434082,0.047271729,0.065795898,-1.32E-04,-0.001743663,-0.00744074,standing
-1.57E-04,-0.005982248,0.003243697,0.041870117,0.035293579,0.147155762,0.001541138,-0.001717461,-0.005908542,standing
-5.67E-04,0.002078408,-2.52E-04,0.052642822,0.033508301,0.084335327,1.77E-04,-0.001572829,-0.007677518,standing
-0.001636706,-0.001543547,-0.001574065,0.039489746,0.04246521,0.065200806,0.001239014,1.43E-04,-0.002220154,standing
0.005540547,-0.003557707,0.002676713,0.065200806,0.04486084,0.087341309,0.002083915,0.002702985,-0.002006531,standing
-0.002571869,0.002632141,-0.003918457,0.050247192,0.068191528,0.100494385,-0.002746582,-4.76E-04,0.002382067,standing
-0.00336898,-0.003495066,1.57E-04,0.072982788,0.059814453,0.123825073,0.001028878,0.002995082,-0.002406529,standing
0.002243042,-5.38E-04,0.002004242,0.072387695,0.050247192,0.10887146,3.83E-04,0.001806259,-8.96E-04,standing
0.001888877,0.002392418,-0.001290572,0.100509644,0.074172974,0.169891357,-0.004118486,-1.68E-04,-0.001867121,standing
-0.002424541,0.004029927,0.00654843,0.046661377,0.062210083,0.101699829,2.33E-04,0.002590179,0.001260757,standing
0.002602386,0.002751923,-0.005622864,0.105880737,0.067001343,0.145950317,-0.004078258,3.88E-04,-0.002685547,standing
-0.00217237,-0.001101845,4.41E-04,0.031707764,0.044876099,0.073577881,-0.002401352,2.40E-04,4.20E-04,standing
-5.04E-04,0.006832725,-0.00217237,0.038879395,0.090927124,0.094512939,-0.00479126,-8.03E-04,0.001194763,standing
-0.001007883,-0.004376863,0.004313419,0.043670654,0.025726318,0.148345947,3.51E-04,-0.002140392,-7.68E-04,standing
-3.59E-04,-0.00326004,-0.001016998,0.040679932,0.045455933,0.194412231,8.87E-04,-0.001086765,6.12E-04,standing
-2.83E-04,0.00166883,-1.57E-04,0.055633545,0.058624268,0.086746216,-0.001548767,6.28E-04,-8.82E-04,standing
4.49E-04,-0.007687378,4.49E-04,0.057418823,0.034698486,0.119644165,0.004259109,8.53E-04,-6.69E-04,standing
3.32E-04,-0.004785326,0.001263936,0.08972168,0.050247192,0.113052368,2.58E-04,9.32E-04,-0.00245836,standing
-0.001354017,0.006737157,0.002518503,0.10887146,0.09211731,0.180053711,-0.001293182,-0.005237579,1.83E-04,standing
0.021336873,-0.032699585,-0.0362854,0.049667358,0.037689209,0.066986084,-0.001525879,0.003433228,-0.004547119,standing
-0.002497954,0.004046272,-0.004574944,0.11605835,0.140579224,0.216552734,3.31E-04,-3.29E-04,-3.36E-04,standing
-0.003495066,-0.009728683,0.006517109,0.191421509,0.102294922,0.155517578,0.001280351,-0.001389937,0.005242088,standing
0.003129119,-0.008759825,-0.001606334,1.415359497,0.601791382,2.299499512,0.009528024,0.027291434,0.085667201,walking
-0.004889323,-0.003980103,0.008111671,0.932006836,0.984649658,2.609375,-0.010146077,-0.011894735,0.05332133,walking
0.003087591,0.003311354,0.003944249,0.758529663,0.856628418,2.132003784,0.015034993,-0.016677856,-0.066299438,walking
0.002884538,0.017429822,-0.020068649,0.768096924,0.839874268,3.355926514,-0.035295614,0.010357666,0.025088501,walking
-0.006271654,-6.78E-04,-0.006568857,0.750152588,0.80758667,3.010177612,0.012228012,-0.017573357,-0.034231186,walking
0.007249845,0.003597133,-0.028087891,0.652038574,1.377075195,2.813949585,-0.011252267,1.06E-04,-0.010863168,walking
0.003654324,0.00146505,-0.010010907,0.685546875,0.959518433,2.794815063,-0.016695023,-0.016325951,-0.0386343,walking
-0.006962339,-0.002979501,0.012604843,0.742965698,1.219146729,3.907470703,0.00360775,0.002892494,-0.061012268,walking
0.014293213,-0.004410706,0.023720805,0.631713867,1.305282593,3.434890747,0.006079102,-0.00225118,0.007326253,walking
0.005518858,-0.001420249,0.001867971,1.204788208,1.444076538,3.656234741,-0.007054329,-0.002768517,0.003053665,walking
-0.005273618,-0.019976968,0.029996772,1.311279297,1.92741394,3.655044556,-0.003452301,-0.004258156,0.083338737,walking
0.011281468,0.002665782,-0.003260059,1.266998291,1.495513916,2.654846191,0.00391744,-0.005181885,-0.11535848,walking
-0.003234174,-0.007572101,0.026020075,1.445266724,1.280166626,3.494720459,-0.016104698,-0.007820129,-0.015174866,walking
0.009627177,0.01978068,-0.015194394,1.305282593,2.009979248,3.835693359,0.020381673,0.035654704,-0.009475708,walking
-0.012209836,-0.012134117,-0.063933708,1.052841187,0.793228149,1.837692261,0.005520412,0.033283779,0.011519296,walking
0.005877604,-0.003187653,0.02153547,0.632888794,1.252639771,2.840286255,-0.007452965,-0.017389297,0.007868767,walking
0.005425812,0.001508773,0.00810057,0.650848389,0.91885376,2.553146362,2.10E-05,0.009782791,-0.047667503,walking
0.001802571,-0.002440694,0.011716817,1.0181427,0.988235474,2.618942261,-0.004960196,0.003815787,0.088511876,walking
0.003534454,0.004003687,-0.004347758,0.870986938,1.282546997,2.158325195,-0.013478279,-0.010154724,-0.060229301,walking
-0.003942502,0.001638015,-0.025140746,1.162902832,1.764709473,3.308074951,0.003424072,0.007003784,-0.004424032,walking
-0.005867601,-0.012744406,0.01727003,0.949951172,0.654449463,1.974075317,0.023490212,-0.025569569,-0.042510986,walking
0.004869561,0.009518673,0.00815435,0.945159912,1.228713989,3.367904663,-0.001946767,0.007513682,0.036862691,walking
0.020035909,-0.002911377,-0.021886288,1.24307251,1.217956543,3.695709229,-0.011213175,-0.010249837,-0.02703654,walking
-0.008930625,2.01E-04,-0.012782238,1.411758423,1.611557007,3.136978149,0.001646042,-0.01036644,0.039168358,walking
-0.005303151,0.023313986,6.38E-04,1.756332397,2.343780518,3.889541626,0.019751413,0.003267561,0.007084438,walking
0.001561648,0.003853439,0.002470438,1.149749756,1.362701416,4.013961792,0.006817818,0.02217865,-0.00358963,walking
-0.003402233,0.004037856,0.031780243,1.33039856,0.842269897,1.823318481,-0.044021606,-0.137293498,-0.049728394,walking
0.007763802,-0.01274044,-0.001438217,0.879364014,1.261016846,3.269790649,0.017611694,0.014706421,0.080714417,walking
-0.008927076,-4.37E-04,0.012623616,0.90927124,1.217941284,3.377471924,-8.36E-04,-7.92E-05,-0.001935005,walking
0.001003701,-0.00725069,0.009234025,0.845855713,1.111465454,3.375076294,0.013156128,-0.002866618,0.019223022,walking
-0.019014821,0.029376132,-0.062155418,0.613754272,0.794418335,1.861618042,-0.028463745,-6.87E-04,-9.54E-04,walking
-0.001069315,-0.003434454,-0.066259745,0.715454102,0.658035278,1.93939209,-0.015473684,-0.013839722,-0.017332713,walking
-0.001002338,-0.001220704,0.020080257,1.335189819,1.216751099,3.487548828,0.001450602,-0.025303141,-0.194452922,walking
-3.23E-04,0.006651126,-5.35E-04,0.720230103,1.404586792,3.822540283,-0.010219574,-0.052067757,-0.405026436,walking
0.009001354,-0.001557728,-0.024409963,0.80758667,1.406982422,4.022338867,-0.008631025,-0.063726153,-0.276749747,walking
0.009335066,-0.015923149,0.03115392,0.754943848,1.546951294,5.534591675,-0.003441811,-0.012080193,-0.146148682,walking
7.31E-04,0.003243875,0.006463787,0.709472656,1.450042725,3.470794678,6.86E-04,0.006861369,0.014245605,walking
-0.008858081,-0.003058326,0.006061377,0.597015381,1.390228271,3.735198975,0.005678449,0.008575439,0.137688773,walking
9.11E-04,0.004885963,0.002076278,0.557525635,1.82333374,3.665802002,-0.018856049,0.009401321,0.069814682,walking
0.002470537,0.009711326,-0.062197995,0.555130005,1.119827271,2.751754761,-0.003038406,0.034025192,0.187953949,walking
0.004461945,0.006364416,0.017897059,0.55871582,1.195205688,3.40737915,0.007605235,0.012493134,0.078857422,walking
-0.006149598,0.012003885,5.58E-05,1.202392578,1.740783691,3.680160522,0.019072469,0.02394104,0.169898478,walking
0.001402156,0.002057507,3.51E-04,1.312469482,2.190643311,5.134994507,-0.016680908,0.014404297,0.063078817,walking
0.01874107,-0.005580621,-0.027421068,1.226333618,1.225112915,3.19682312,-0.004860878,-0.011423111,-0.041387558,walking
3.26E-04,0.005679044,-0.001297496,0.923629761,1.123428345,3.28175354,0.00711441,0.014864922,0.129570007,walking
-0.024297009,0.009423765,-0.054469585,1.275375366,1.280166626,2.970687866,-0.001966349,-0.006549072,0.020209757,walking
0.009177905,-0.010390212,0.022490943,0.905685425,0.924835205,3.074783325,-0.01124382,-0.012999535,-0.133818626,walking
0.001321531,-0.005223593,0.011158663,1.03729248,1.318450928,4.135986328,-0.001294136,-0.016580582,-0.014450073,walking
-0.002861642,0.001034813,0.01904554,1.034896851,1.383056641,3.661026001,-0.004906209,0.014612834,0.021950277,walking
0.015107697,-0.006349551,0.012628792,1.099502563,1.160522461,2.916854858,-0.006015778,-0.010965347,-0.002096176,walking
-0.0275177,0.020259092,0.02089742,2.281555176,1.648666382,2.402389526,-0.02402242,-0.012639364,-0.112726847,walking
-0.023181672,-0.017469442,-0.071636983,1.301696777,1.7993927,5.041686535,-0.081123352,0.002070836,-0.080875942,walking
0.001022238,0.002289728,-4.52E-04,1.421340942,1.905883789,3.159713745,0.011564128,0.013184611,0.060132853,walking
0.008212772,-0.024283231,0.037474697,2.84147644,2.749359131,3.235091686,0.016270638,-0.016774178,0.028262138,walking
-0.010839987,0.00826248,-0.038389468,1.348358154,1.722824097,3.462417603,-0.031085205,-0.027473958,-0.09997762,walking
-0.004952134,0.009484196,-0.014333362,1.555328369,1.710861206,3.906280518,-0.024504598,-0.005886841,-0.013433838,walking
0.001340027,0.00589447,-0.014843442,1.713256836,1.350753784,3.182448864,0.019899495,0.019471232,0.022313436,walking
0.003210449,-0.00866394,-0.023040899,1.91065979,1.488342285,3.466002941,0.012477875,-0.014778137,-0.03267924,walking
0.010088271,-0.025735619,-0.092674076,1.970489502,1.290939331,3.132202148,0.030224887,0.035134055,-0.029188676,walking
0.001054664,0.004903593,0.008422146,1.596008301,1.491928101,3.348754883,-0.035302734,-0.045568848,-0.011335246,walking
0.010724729,-0.023227452,0.054916378,1.511062622,1.846069336,5.787033081,-0.023171743,0.049541473,0.027098338,walking
0.003430701,0.008707817,-0.02258927,1.682159424,1.485946655,4.534393311,-0.031732832,-0.013886588,-0.037394932,walking
0.018443318,-0.036358325,0.048819802,2.084152222,2.202590942,6.964309216,0.009034157,-0.020013809,0.030238152,walking
-0.002181176,0.010059591,0.009343566,2.222930908,1.495513916,4.512863159,0.014662679,0.016402181,0.004048665,walking
0.004778055,0.001219529,0.014694312,1.194015503,0.930801392,2.791229248,-0.007703654,0.022143555,0.003594971,walking
-0.017420898,0.001721769,-0.018819139,1.069595337,1.842483521,5.391036987,0.002575684,0.011181641,-0.030166626,walking
-0.009648241,-0.009947205,-0.010366055,1.179656982,1.718048096,4.801208496,0.024363926,-0.008216858,0.003444127,walking
0.017930209,-0.00310858,-0.128892528,2.300689697,2.094924927,4.005599976,-0.013105913,0.042506825,-0.0232322,walking
0.001477542,0.005548362,0.037514293,0.870986938,1.501495361,2.957519531,-0.033603923,-0.024815877,0.012878418,walking
0.008171829,-2.74E-04,0.023670072,1.691726685,1.456039429,4.06060791,0.012509346,0.009679794,0.00104332,walking
-0.00454049,-0.019230702,0.041099548,1.623535156,1.439285278,3.131011963,-0.015575409,-0.048005422,-0.012664795,walking
-0.010164756,0.003457376,-0.022157083,1.35194397,1.113861084,3.602401733,-0.004919199,1.53E-04,0.011660062,walking
0.0043339,4.91E-04,0.012273015,1.245452881,1.25743103,3.337997437,0.009144084,0.01145223,0.00306193,walking
0.006701401,-0.004512015,-0.00109474,1.534988403,1.672592163,3.517456055,0.015586344,0.004386393,-0.043039958,walking
0.005838522,0.003182474,0.024007972,1.398605347,1.294509888,5.513061523,-0.048974609,-0.032256063,-0.061820475,walking
0.006627434,0.011956265,-0.017820258,1.348358154,1.166488647,3.507873058,-0.006666056,0.018603516,-0.005756632,walking
-0.003652171,0.003596959,-0.016041401,1.473983765,2.084152222,3.743575573,-0.003948975,0.015921021,-0.008401489,walking
0.007290834,-0.004649118,-0.00759601,1.396209717,1.643859863,4.6456604,0.044778442,-1.26E-04,-6.16E-04,walking
-0.008654508,-0.001010053,0.023430957,0.928421021,1.23348999,3.693328857,-0.01209259,-0.043541908,-0.018754959,walking
0.026769638,-0.010692914,-0.047756503,1.135391235,1.046859741,2.629714966,0.009197998,0.083581543,0.157504272,walking
-3.82E-04,-0.003733668,0.015697742,4.17427063,1.968093872,4.969894409,-0.016173045,4.43E-04,0.014006297,walking
-0.014931528,0.013742949,-0.007831774,1.785049438,1.086334229,2.456237793,-0.03012085,-0.036343575,-0.021413803,walking
0.006207355,-0.004614595,0.013479059,1.71685791,1.67855835,3.623931408,0.013146973,0.020261637,0.031335449,walking
0.004230929,-0.004096429,-0.002543269,2.132003784,1.969299316,2.796020508,3.99E-04,-0.015775553,-0.143724569,walking
-7.26E-04,0.015398973,-0.030558725,2.17388916,2.195419312,4.003204346,0.028996468,-0.025802612,-0.327677727,walking
0.00736574,-0.005745921,0.018068378,0.996612549,1.532592773,2.815154552,-0.043376378,-0.034251622,-0.064919608,walking
0.004349064,0.002910202,-0.001430921,1.48475647,1.873580933,4.441070557,0.033465576,0.006086222,0.010891724,walking
0.084024869,0.05811838,0.020660987,1.162918091,1.798202515,3.609573364,-0.148376465,-0.03990682,0.10345459,walking
-0.00549422,0.007528217,-0.003764109,1.203598022,1.276565552,3.067595959,0.018000676,0.019032405,-0.056849553,walking
0.009557387,-0.027799001,0.018875302,2.626113892,0.990631104,1.893920898,-0.048885345,-0.021102905,-0.023677826,walking
0.001731833,0.009728506,-0.089845862,1.782653809,2.2396698,5.111068726,-0.050850423,-0.008880615,-0.05662028,walking
-2.40E-05,0.019030965,-0.032422682,2.170288086,1.747955322,4.223327637,0.039618356,0.004309518,0.058403015,walking
-0.003371598,-0.006891126,-0.010472384,1.4584198,1.58644104,4.758132935,-0.01518631,-0.027964592,-0.057863235,walking
0.02740427,-0.023960629,0.079529008,1.812561035,1.841278076,3.559326172,0.027146403,-0.016226196,-0.036989339,walking
-0.00468385,3.90E-05,-0.016945128,1.222732544,1.855636597,3.872772217,0.004219564,0.007491048,0.021304321,walking
-0.003056842,0.006778293,0.074710422,0.540786743,0.374465942,1.305282593,-0.148529053,0.014816284,0.133148193,walking
0.022418402,-0.04060187,-0.060836052,3.52104187,2.504089355,5.499892712,-0.03354009,0.015734355,-0.028987885,walking
-0.013429957,0.003811059,-0.002305697,2.682357788,1.727615356,3.658615112,-0.015322685,-0.007522583,0.002411842,walking
0.032310935,-0.025124544,0.054620381,1.950149536,1.727615356,4.180267334,8.41E-04,-5.11E-04,-0.009884644,walking
-0.019616351,0.028553188,-0.024233312,1.935791016,2.434692383,3.891921997,-0.012462362,0.005750529,0.028053792,walking
0.003876723,0.003185223,-2.33E-04,2.432312012,2.428710938,4.071395874,0.012377739,-0.036364555,-0.006342888,walking
0.016813165,-0.001473736,0.005902827,1.886734009,1.744369507,3.22193861,0.011387416,0.006714957,-0.038968767,walking
0.001328412,0.021183575,-0.045868257,3.378662109,2.287536621,4.630111694,0.01209804,-0.007372175,-0.024482727,walking
0.0012709,-0.007806988,-0.113712136,1.079935312,1.26222229,3.471984863,-0.001883767,-0.003315319,0.075375644,walking
0.001533559,-0.006391486,-0.027131967,0.524032593,1.202392578,2.567504883,-0.01693821,0.003700256,0.020359039,walking
0.002339094,0.001970927,0.00758489,0.999008179,1.261016846,3.042480469,0.002328873,-0.012275696,-0.003290176,walking
0.007396698,-0.004502786,-0.003872127,0.847061157,1.317245483,3.201599121,-0.003582764,-0.008481852,0.002167765,walking
-0.068149274,0.059268658,-0.18930934,0.504898071,1.429718018,1.834091187,0.062993368,-0.040247599,0.177871704,walking
2.30E-04,-0.007095689,0.066088046,1.00617981,1.535003662,3.942169189,-0.002763015,0.01526231,0.015390249,walking
0.059130155,-0.021029546,0.0242961,0.595809937,0.863800049,2.60697937,-0.072397868,0.021692912,-0.091512044,walking
-0.013481445,-0.025882594,-0.061698687,0.813552856,1.355529785,3.969680786,-0.00637207,-0.020755005,0.105235799,walking
-0.007776693,0.010943095,-0.013152564,0.742965698,1.055236816,2.59979248,0.003063965,-0.002346802,-0.086618042,walking
0.009926384,-0.001667343,0.013862954,0.753753662,0.936798096,3.49949646,-0.0121521,-0.013383993,-0.003088379,walking
-0.009123614,-0.00330441,0.041426675,0.795608521,1.46081543,3.847671509,-0.004456584,-0.005103556,-0.005980428,walking
0.009046394,0.001227298,0.016502823,0.93081665,1.259811401,3.878753662,-0.008741379,-6.33E-04,-0.023427963,walking
3.03E-04,0.011613057,0.005495602,0.592224121,1.46321106,3.487533569,-0.019584656,-0.011627197,0.01310076,walking
0.007155944,-0.003231299,-0.037290052,0.617355347,0.716659546,2.859436035,-1.75E-04,0.010935003,-0.028245406,walking
-6.99E-04,-0.003237676,-0.123071569,0.533599854,1.13180542,3.485153198,0.006655375,0.006458282,0.026854197,walking
0.004502683,-0.00494725,0.019409483,0.498901367,1.046859741,3.610778809,-0.01695048,0.001159668,-0.011446126,walking
-0.004560198,-0.00630842,0.014589879,0.533599854,1.464401245,3.466003418,-0.004811605,-0.011779785,0.013765462,walking
0.001235962,-0.003248405,0.018326614,0.534790039,1.543365479,3.665802002,0.005162557,-0.00883077,-0.016206868,walking
0.002004451,0.002843386,-0.008973159,1.606781006,1.188034058,3.403793335,-0.00405407,8.56E-04,0.031957626,walking
0.004004342,-0.002401132,-0.012004723,0.952346802,1.489532471,3.217163086,0.002481733,0.002454485,-0.006124224,walking
0.006297385,0.005509014,-0.00934867,0.886550903,1.552947998,3.572479248,0.011836125,0.010799701,0.082861093,walking
-0.006261887,0.001456845,0.005644402,1.836486816,1.468002319,2.60218811,-0.003934224,0.010990143,0.129235586,walking
-0.00717839,0.004143221,0.017833732,1.070785522,0.873382568,2.656021118,-0.00702006,0.00806071,0.097796631,walking
0.002868261,0.004486573,-0.015729754,0.806381226,0.941574097,2.772094727,-0.029979706,0.010300636,-0.009757042,walking
-7.84E-04,3.80E-04,-0.022280156,0.679550171,0.831497192,2.324630737,0.028523036,-0.014191764,0.034854344,walking
0.001510913,5.68E-04,-0.007423887,0.946365356,0.617340088,2.373672485,-0.009845734,0.01806736,0.023920059,walking
0.003670413,0.00664131,-0.019801759,0.735794067,1.328018188,3.476776123,0.005619049,-0.00667572,0.023541451,walking
0.008194597,-0.019224507,0.013561925,1.229904175,1.347167969,3.127410889,0.002027384,0.007434082,0.021421305,walking
-0.002542395,0.001235661,0.015112526,0.736999512,1.208374023,2.962310791,0.005324364,0.005706787,0.052387238,walking
